[{"codes":["zh","zh-CN","en"],"name":"zh-CN-XiaoyiNeural","gender":"Female","desc":"中(简)英文"},{"codes":["zh-tw","cht","zh-TW"],"name":"zh-TW-HsiaoChenNeural","gender":"Female","desc":"中文-繁体"},{"codes":["yue"],"name":"zh-HK-HiuMaanNeural","gender":"Female","desc":"粤语"},{"codes":["ja","jp"],"name":"ja-JP-NanamiNeural","gender":"Female","desc":"日语"},{"codes":["ko","kor"],"name":"ko-KR-SunHiNeural","gender":"Female","desc":"韩语"},{"codes":["fr","fra"],"name":"fr-CA-SylvieNeural","gender":"Female","desc":"法语"},{"codes":["es","spa"],"name":"es-AR-ElenaNeural","gender":"Female","desc":"西班牙语"},{"codes":["th"],"name":"th-TH-PremwadeeNeural","gender":"Female","desc":"泰语"},{"codes":["ar","ara"],"name":"ar-DZ-AminaNeural","gender":"Female","desc":"阿拉伯语"},{"codes":["ru"],"name":"ru-RU-SvetlanaNeural","gender":"Female","desc":"俄语"},{"codes":["pt"],"name":"pt-PT-RaquelNeural","gender":"Female","desc":"葡萄牙语"},{"codes":["de"],"name":"de-AT-IngridNeural","gender":"Female","desc":"德语"},{"codes":["it"],"name":"it-IT-ElsaNeural","gender":"Female","desc":"意大利语"},{"codes":["el"],"name":"el-GR-AthinaNeural","gender":"Female","desc":"希腊语"},{"codes":["nl"],"name":"nl-NL-ColetteNeural","gender":"Female","desc":"荷兰语"},{"codes":["pl"],"name":"pl-PL-ZofiaNeural","gender":"Female","desc":"波兰语"},{"codes":["bg","bul"],"name":"bg-BG-KalinaNeural","gender":"Female","desc":"保加利亚语"},{"codes":["et","est"],"name":"et-EE-AnuNeural","gender":"Female","desc":"爱沙尼亚语"},{"codes":["da","dan"],"name":"da-DK-ChristelNeural","gender":"Female","desc":"丹麦语"},{"codes":["fi","fin"],"name":"fi-FI-NooraNeural","gender":"Female","desc":"芬兰语"},{"codes":["cs"],"name":"cs-CZ-VlastaNeural","gender":"Female","desc":"捷克语"},{"codes":["ro","rom"],"name":"ro-RO-AlinaNeural","gender":"Female","desc":"罗马尼亚语"},{"codes":["sl","slo"],"name":"sl-SI-PetraNeural","gender":"Female","desc":"斯洛文尼亚语"},{"codes":["sv","swe"],"name":"sv-SE-SofieNeural","gender":"Female","desc":"瑞典语"},{"codes":["hu"],"name":"hu-HU-NoemiNeural","gender":"Female","desc":"匈牙利语"},{"codes":["vi","vie"],"name":"vi-VN-HoaiMyNeural","gender":"Female","desc":"越南语"},{"codes":["hi"],"name":"hi-IN-SwaraNeural","gender":"Female","desc":"印地语"},{"codes":["tr"],"name":"tr-TR-EmelNeural","gender":"Female","desc":"土耳其语"}]